final_score,alignment_rationale,effort_rationale,ticket_id,trace_id,description
6.0,"Adding support for multi-model deployment enhances enterprise security by enabling better data isolation and governance. It fosters reproducibility as different models can be tested and deployed under consistent environments. Additionally, it supports flexible orchestration, allowing organizations to adapt to varying operational needs and scale efficiently. While improving multi-model capabilities is crucial for enterprise environments, attention should still be paid to integration and coordination challenges that may arise.","Adding support for multi-model deployment involves significant changes to the system's architecture, requiring the implementation of new infrastructure components to manage multiple models simultaneously. This includes handling concurrent requests, maintaining resource allocation, and possibly dealing with model versioning and rollback strategies. Furthermore, testing these changes to ensure stability and performance across different models adds to the complexity, making it a medium to high-level effort.",1,tr-17f946a2a44da031db4bd5fb5933d4f0,Add support for multi-model deployment
12.0,"Enhancing model evaluation metrics is crucial for enterprise security and governance, as it ensures that models are assessed rigorously against defined standards. Improved metrics lead to more reproducible results, which is essential for compliance and audit trails. Additionally, having sophisticated metrics allows for flexible orchestration of models and their deployment in various security contexts, though attention to user interface concerns remains lesser.","Enhancing model evaluation metrics involves understanding current metrics, identifying new relevant metrics, and implementing changes without altering the existing framework drastically. This task may require moderate effort due to the need for testing new metrics, adapting data pipelines, and validating their effectiveness, while not being overly complex.",2,tr-0e14837969f143d45108cb6b6f7836c2,Enhance model evaluation metrics
5.0,"Implementing real-time monitoring dashboards aligns well with enterprise security by providing visibility into system activity and potential security incidents. It supports governance by ensuring compliance with monitoring requirements and helping to identify deviations from policy. The real-time aspect enhances reproducibility as issues can be detected and addressed promptly, and flexible orchestration can be achieved by integrating these dashboards with various tools and systems for broader insights. While essential, the focus here is primarily on monitoring, which is crucial but may overlook broader orchestration and security strategy elements.","Implementing real-time monitoring dashboards involves several complex components including data collection, storage, and visualization. Integrating with existing systems for data feeds can be challenging, especially regarding data consistency and performance. Additionally, ensuring scalability and responsiveness under variable data loads adds to the complexity. This requires a solid understanding of both back-end and front-end development, making it more challenging than average tasks.",3,tr-42f63070600cbcc914d824dad183b235,Implement real-time monitoring dashboards
10.666666666666666,"Integrating with existing CI/CD pipelines is critical for enterprise security and governance as it ensures that security measures are embedded throughout the deployment process. This integration enhances reproducibility by establishing consistent environments across different stages of development. Additionally, it allows for flexible orchestration, enabling responsive adjustments to workflows based on security policies and compliance requirements. While this integration is highly beneficial, the specific implementation and existing pipeline complexity might present some challenges, preventing a perfect score.","Integrating with existing CI/CD pipelines can range from straightforward to moderately complex depending on the current state of the pipelines, documentation, and existing practices. It typically involves configuring tools, creating scripts, and ensuring compatibility with existing workflows. The effort may also include testing and debugging to ensure seamless integration, which can introduce variability in effort. Overall, it requires a solid understanding of the existing infrastructure but is often manageable with the right knowledge.",4,tr-89c1739eecc56c90b53397f8ebc8ea17,Integrate with existing CI/CD pipelines
4.0,"Adding automated model retraining can significantly enhance the system's responsiveness to evolving data patterns while ensuring governance and security through controlled retraining processes. This aligns well with enterprise needs for reproducibility and flexible orchestration, as it allows for models to be updated in a structured manner without manual intervention. However, ensuring that the models comply with security standards and governance protocols might require additional resources and oversight, which could be a limiting factor.","Implementing automated model retraining involves several complex steps including setting up a data pipeline, monitoring performance metrics, configuring retraining schedules, and ensuring that the model integrates seamlessly with existing systems. It requires a solid understanding of machine learning workflows, as well as infrastructure support for scheduling tasks and managing data flow. Additionally, there may be challenges with versioning and testing the new model to ensure it maintains or improves performance.",5,tr-a58f1d6918097ca73748b5f5c2b4a327,Add automated model retraining
5.0,"Federated learning enhances enterprise security by allowing models to be trained across decentralized devices without sharing raw data, thus maintaining data privacy and compliance with governance frameworks. It supports reproducibility by ensuring consistent model training across different nodes, which can be crucial for validation and testing. Additionally, federated learning can be orchestrated flexibly across various environments, making it adaptable to different organizational needs. While there may be technical challenges such as communication efficiency and model aggregation, the overall alignment with enterprise security and governance mandates is strong.","Implementing support for federated learning requires a robust understanding of distributed systems, privacy-preserving techniques, and machine learning algorithms. The complexity arises from managing data privacy, communication efficiencies, and varying data distributions across clients. Additionally, robust infrastructure is needed to facilitate model updates and aggregations securely, necessitating significant engineering effort, design considerations, and testing.",6,tr-b1a815f6e01767e588bdd5f2d7df9518,Support for federated learning
6.0,"Expanding the API for custom model integration supports flexible orchestration and enhances enterprise security by allowing tailored solutions that adhere to governance standards. While it may introduce complexity, it aligns well with reproducibility by enabling consistent deployments and integrations. It's crucial to ensure robust security measures during API expansions, so attention must be given to secure integration points.","Expanding an API for custom model integration involves several complexities including designing new endpoints, ensuring backward compatibility, implementing authentication and authorization for different models, and potentially handling large volumes of data. Additionally, thorough testing and documentation are essential, which can significantly increase the implementation effort.",7,tr-cc6baa6f7105c7c6555905bf3e925113,Expand API for custom model integration
4.0,"Optimizing resource allocation for model training aligns well with enterprise security and governance by ensuring resources are used efficiently and responsibly. It promotes reproducibility through consistent training infrastructure and configurations, allowing for reliable model development and deployment. Additionally, flexible orchestration can facilitate dynamic allocation of resources based on current needs, although less emphasis on UI elements could lead to challenges in usability for some teams.","Optimizing resource allocation for model training involves multiple factors such as hardware capabilities, model complexity, data size, and concurrency requirements. It requires a deep understanding of system architecture, the specific needs of the model being trained, and potentially tuning various hyperparameters for different resources. The process may also involve significant trial and error and collaboration with cross-functional teams to ensure optimal allocation without bottlenecking other processes.",8,tr-c0891e649af6a1c1a6d5751b1a1f08d4,Optimize resource allocation for model training
16.0,"Implementing user role-based access control enhances enterprise security by ensuring that only authorized personnel can access sensitive data and functionalities. This aligns with the principles of governance by establishing clear guidelines and policies around user permissions, which fosters reproducibility in managing user roles across the system. Although it may introduce some complexity in orchestration, the benefits in security and compliance significantly outweigh the minor overhead, making it a strong strategic enhancement.","Implementing user role-based access control (RBAC) requires a thorough understanding of the application architecture and user requirements. It involves defining roles, permissions, and ensuring the application correctly checks these roles during user interactions. Additionally, changes to the database schema may be necessary to store role information, along with updates to user interfaces for role management. Testing will also be critical to ensure that permissions are enforced consistently, making this a moderately complex task.",9,tr-ea5f06cd31d972e301cb1b90da9b03eb,Add user role-based access control
9.0,"Enhancing data versioning capabilities significantly strengthens governance and reproducibility in data management. It ensures that data changes are tracked, allowing for better compliance with enterprise security policies. However, the impact on orchestration flexibility can be moderate, as it depends on how well these enhancements integrate with existing workflows.","Enhancing data versioning capabilities involves modifying the existing data management architecture to support additional versions, which can be complex. It requires a thorough understanding of the current data model, potential impacts on performance, and ensuring data integrity during version transitions. Additionally, implementing features such as rollback, auditing, and possibly a user interface for version selection adds layers of complexity. Thus, while it is more challenging than basic enhancements, it is not the most complex endeavor.",10,tr-2644b3b98250a9d381723056fb6dd475,Enhance data versioning capabilities
6.0,"Support for hybrid cloud deployments is crucial as it allows organizations to leverage both on-premises and cloud resources effectively, enhancing flexibility and scalability. This capability aligns well with enterprise security and governance needs by allowing firms to maintain compliance and control over sensitive data on-premises while also utilizing cloud resources for less sensitive workloads. However, the implementation must ensure that orchestration is flexible and secure throughout this hybrid environment.","Implementing support for hybrid cloud deployments involves significant complexities, including the integration of on-premises and cloud environments, ensuring consistency in data management, security concerns across different infrastructures, and potential performance optimization challenges. Additionally, it requires a solid understanding of both cloud service architectures and operational requirements, making it a medium to high effort task.",11,tr-85647dbbdc47cd4334ddf16ce9e530cb,Support for hybrid cloud deployments
2.0,"While improving collaboration tools for data scientists can enhance productivity and teamwork, the focus on enterprise security, governance, reproducibility, and flexible orchestration is crucial. Collaboration tools must ensure data security and compliance with governance policies. Furthermore, they should support reproducibility by allowing shared workflows and version control. A score of 3 reflects moderate alignment, indicating that while collaboration is important, it should not compromise security and governance standards.","Improving collaboration tools for data scientists involves assessing existing tools, gathering user feedback, and implementing enhancements or integrations. While the task requires a moderate effort in terms of technical implementation and user training, it also necessitates good communication with stakeholders and possibly managing multiple tools. The complexity arises from ensuring that enhancements meet diverse user needs and fit seamlessly into existing workflows.",12,tr-4a9eff65c3d84546d75593bc6b7750cb,Improve collaboration tools for data scientists
20.0,"Incorporating blockchain-based data integrity significantly enhances enterprise security and governance by providing immutable records of transactions, thereby ensuring data authenticity and traceability. This aligns well with the strategic focus on reproducibility, as blockchain allows for consistent and verifiable data representation across multiple platforms. However, the impact on flexible orchestration may vary based on the specific implementation and integration with existing systems, which is why it receives a score of 4 instead of 5.","Implementing blockchain-based data integrity involves integrating complex technology that requires knowledge of blockchain architecture, smart contracts, and cryptographic principles. Additionally, it may require changes to existing systems and infrastructure, necessitating thorough testing and validation to ensure data consistency and security. While not the hardest task, it involves significant technical challenges and considerations.",13,tr-992ceddd1ded11a5f6f4b0d9822cbc69,Add blockchain-based data integrity
6.0,"Enhancing model interpretability features contributes to governance by enabling stakeholders to understand and trust model predictions. It supports enterprise security by promoting transparency and accountability in decision-making. However, while it is important, it may not directly address orchestration and reproducibility as strongly as other features could. Thus, a moderate score of 3 reflects its value in alignment but indicates room for improvement.","Enhancing model interpretability features can be moderately complex. It requires a solid understanding of both the model's mechanics and the techniques for interpretation (e.g., SHAP, LIME, etc.). It may also involve integrating new libraries or tools and updating documentation. The challenge is balancing model accuracy with interpretability, especially in complex models. Therefore, while the task is feasible, it does require a moderate level of effort.",14,tr-906052c3db0dd2cbfb557675174df3d7,Enhance model interpretability features
2.0,"Implementing automated hyperparameter tuning aligns well with enterprise security and governance as it enhances model performance while maintaining reproducibility. Such tuning processes can be orchestrated flexibly in existing workflows, allowing for efficient resource management and adherence to compliance standards. However, the implementation requires careful consideration of security aspects to mitigate risks associated with automated systems.","Implementing automated hyperparameter tuning involves multiple steps such as selecting the tuning algorithm (like Grid Search, Random Search, or Bayesian Optimization), integrating it with the existing machine learning workflow, setting up a validation strategy (like cross-validation), and ensuring that it can handle resource management effectively, especially if running on cloud infrastructure. This complexity, along with the need for testing and validation of results, makes the implementation effort considerable.",15,tr-d24c24fc481b2d88174abca5446a137f,Implement automated hyperparameter tuning
8.0,"Adding support for edge AI deployments significantly enhances the capabilities of the product in an evolving tech landscape. It aligns well with enterprise security by allowing data processing closer to the source, which can reduce latency and improve response times while maintaining data integrity. Considering governance, edge deployments can enable better compliance with data sovereignty regulations. The need for reproducibility is also addressed, as edge AI solutions can be orchestrated to replicate processes across devices seamlessly. While the UI aspect is less relevant here, the overall strategic alignment with enterprise demands is strong, justifying a score of 4.","Implementing support for edge AI deployments involves several complexities. It requires adapting existing systems to function on edge devices, which often have different hardware capabilities and resource constraints compared to traditional cloud environments. Additionally, optimizing machine learning models for real-time processing at the edge, ensuring data synchronization, and addressing security concerns add layers of difficulty. The effort also includes potential changes to the software architecture and extensive testing to validate performance and reliability in diverse edge conditions.",16,tr-fd2caeec78496c8955cba94435457f11,Add support for edge AI deployments
4.5,"While improving UI/UX for model management is important for user engagement and usability, it does not directly address the core strategic alignment focusing on enterprise security, governance, reproducibility, and flexible orchestration. Enhancements in UI/UX might lead to some operational efficiencies, but they do not prioritize the critical factors necessary for enterprise-level performance and compliance.","Improving UI/UX for model management involves gathering user feedback, redesigning interfaces, and implementing new functionalities that enhance user experience. This requires collaboration with designers, developers, and stakeholders, making it a moderately complex task. Additionally, testing the new designs and iterating based on user feedback can extend the timeline and effort required.",17,tr-56dddd012ff1bcc7cf5aefeff92b756d,Improve UI/UX for model management
6.0,"While real-time collaboration can enhance productivity and improve team communication, it does not strongly align with our core focus on enterprise security, governance, reproducibility, and flexible orchestration. The introduction of such features could potentially introduce security vulnerabilities and complicate governance frameworks. Prioritizing foundational attributes over collaboration features ensures a more robust and secure enterprise environment.","Implementing real-time collaboration features involves multiple components, including WebSocket integration for live updates, database changes to handle concurrent edits, and a robust user interface to manage conflicts and display changes in real-time. The complexity increases with the need for scalability and ensuring a seamless experience across different devices and network conditions.",18,tr-3135499a078d8b1bb960148ff4535c1a,Add real-time collaboration features
3.75,"Enhancing data privacy and compliance tools directly contributes to enterprise security by safeguarding sensitive information and ensuring adherence to regulations. This alignment not only protects the organization from potential breaches and legal repercussions but also fosters trust with clients and stakeholders. Moreover, robust compliance frameworks ensure reproducibility in data handling processes, making it easier to manage audits and adapt to changing regulations. Flexible orchestration of these tools can lead to streamlined workflows and more efficient resource management, further solidifying their strategic importance.","Enhancing data privacy and compliance tools typically involves a comprehensive understanding of current regulations, privacy frameworks, and security protocols. It requires assessing existing systems for vulnerabilities, implementing new compliance features, and possibly redesigning user interfaces to educate users on privacy practices. The effort also includes extensive testing and possibly the integration of third-party services or solutions, making it a complex task that touches multiple areas of the application.",19,tr-cb8ebe6935dce8df30d04f0401ffc647,Enhance data privacy and compliance tools
7.5,"Custom branding can enhance user experience and strengthen brand loyalty among enterprise clients, but it primarily focuses on aesthetics rather than core strategic aspects like security and governance. While it's important, it does not directly align with the broader enterprise objectives that prioritize security and governance.","Implementing custom branding for enterprise clients involves multiple components such as design and integration, necessitating significant resources for development, testing, and deployment to ensure a seamless user experience.",20,tr-1fc02a6714c08af1ba479da9ed73faad,Add custom branding for enterprise clients
4.5,"Integrating with popular data annotation tools contributes to enhanced usability and productivity, potentially improving overall governance and reproducibility in data workflows. However, this integration primarily focuses on user interfaces and collaborative aspects, which could detract from addressing more complex enterprise security and orchestration challenges. As such, while beneficial, it's not the highest priority in terms of strategic alignment.","Integrating with popular data annotation tools involves understanding their APIs, handling different data formats, and ensuring compatibility. This requires significant development effort, including potential customizations for specific tools, comprehensive testing, and possibly dealing with varying security and authentication protocols. Additionally, maintaining the integration with updates from tools adds to the complexity, which is why this task is rated as moderately difficult.",21,tr-26eb38e367175480abb6096d7d95051f,Integrate with popular data annotation tools
8.0,"Implementing an offline mode for model evaluation significantly enhances enterprise security by limiting exposure of sensitive data during evaluation processes. It also supports reproducibility, as users can conduct evaluations in controlled environments without dependencies on network access. Additionally, such functionality adds flexibility to orchestration, allowing for varied deployment scenarios. However, it may not fully address UI or end-user experience issues, which are less of a focus here.","Implementing an offline mode for model evaluation involves significant complexity. This requires not only the development of local storage solutions for model data and evaluation metrics, but also ensuring that the system can seamlessly switch between online and offline modes. Additionally, special considerations for data synchronization, updates, and user interface adjustments must be made to accommodate offline functionality. This level of integration and ensuring consistency across environments contributes to the high effort rating.",22,tr-4b7ed53513fde57df5a7fb089ab055f7,Add offline mode for model evaluation
5.0,"Enhancing search functionality for datasets can improve user access to information, but this focus is often more about user experience than core enterprise security, governance, or orchestration needs. While better search can help in reproducibility by making datasets easier to find and use appropriately, it does not directly address critical aspects of enterprise security or governance frameworks, which are more about data protection, compliance, and workflow management.","Enhancing search functionality requires a solid understanding of the existing architecture and how search queries are executed. It may involve modifying the database schema, indexing strategies, and potentially integrating new search algorithms or libraries. These changes need careful planning and testing to ensure performance and relevance, making it moderately challenging.",23,tr-84a0e0a0c9b22ed313bfe3e7e8e26eb8,Enhance search functionality for datasets
4.0,"Integrating predictive analytics for model performance significantly enhances enterprise security by allowing proactive monitoring of potential threats and vulnerabilities in model outputs. It aids governance by ensuring that model behavior aligns with regulatory compliance and business objectives, promoting reproducibility by providing insights into model predictions under various scenarios, and enables flexible orchestration through adaptive resource allocation based on performance forecasts. While its implementation might not focus on direct UI enhancements, the strategic value in risk assessment and operational efficiency is high.","Implementing predictive analytics for model performance involves integrating complex statistical methods and algorithms to analyze historical data, which can be resource-intensive. The effort encompasses data collection, cleaning, model selection, feature engineering, and possibly the development of a user interface for visualization. Additionally, significant testing and validation are necessary to ensure reliability and accuracy, which adds to the overall complexity.",24,tr-6da2b7dbc2fea2d6053ed9d484ca60e4,Add predictive analytics for model performance
9.0,"Improving scalability for large datasets is critical in enterprise environments, particularly for security and governance. It ensures that data handling processes can grow as data volume increases, which aligns closely with the goals of effective governance and reproducibility. However, while this focus is highly impactful, it may involve some complexities in orchestration and is less about immediate user interface challenges, thus justifying a score of 4.","Improving scalability for large datasets often requires significant architectural changes, including optimizing data structures, implementing partitioning or sharding, and potentially redesigning the system to leverage distributed computing frameworks. These changes can be complex and may also require extensive testing and validation.",25,tr-1a9d72ee0acd600c88e1a0802b55ebf3,Improve scalability for large datasets
6.0,"While gamification can enhance user engagement, it does not align strongly with the core focus areas of enterprise security, governance, reproducibility, and flexible orchestration. These areas prioritize functionality, compliance, and efficiency over user engagement strategies. Gamification may introduce potential security risks and governance challenges that need to be managed, possibly detracting from the overall strategic objectives.","Implementing gamification features involves several components such as designing game mechanics (points, badges, leaderboards), integrating these features into the existing system, ensuring a seamless user experience, and possibly modifying existing user interfaces. Additionally, testing and obtaining user feedback will be necessary to refine these features, which can increase complexity. The effort is significant due to the need for thoughtful design and integration with current user engagement strategies.",26,tr-d086d3765d1e0a78f22d400d9e676e68,Add gamification features for user engagement
2.0,"While data visualization enhances the interpretability of model insights, it does not directly address strategic alignment concerns such as enterprise security and governance. Improved visualizations can support understanding, but they need to be backed by solid security practices and reproducibility measures to be truly effective in an enterprise context.","Enhancing data visualization for model insights requires a moderate level of effort. It involves understanding the existing data structures, identifying key metrics for visualization, and potentially reworking or creating new visual representations. Additionally, there might be dependencies on front-end technologies and collaboration with design teams to ensure usability and effectiveness. While not trivial, it does not involve significant complexity or foundational changes.",27,tr-2562f16ef537bd657ae05ab19b8d3afc,Enhance data visualization for model insights
3.0,"While adding voice recognition for model interaction enhances accessibility and usability, it does not directly address enterprise security, governance, reproducibility, or flexible orchestration. Without clear alignment to these strategic focus areas, it's difficult to justify a higher score. The feature may improve user interaction, but it lacks the foundational impact needed in a high-security or governance-heavy environment.","Implementing voice recognition involves integrating a speech-to-text service, handling voice inputs, and ensuring compatibility with the model's interaction model. It requires not just technical setup but also testing for accuracy and handling various accents and languages. Additionally, there may be legal considerations regarding voice data privacy.",28,tr-02c1b659bad333f9b93b06934752b304,Add voice recognition for model interaction
6.0,"Improving integration with ERP systems significantly enhances enterprise security and governance by ensuring data consistency and compliance across platforms. It allows for reproducibility of processes and supports flexible orchestration of workflows, optimizing operational efficiency. Although the focus here is primarily on backend integration rather than user interface enhancements, the strategic importance of seamless ERP integration cannot be overstated.","Integrating with ERP systems often involves dealing with complex data structures, diverse communication protocols, and ensuring data consistency across multiple platforms. It requires a good understanding of both the ERP's API and the existing systems that need to communicate with it. Additionally, potential challenges include managing system downtimes, handling data migrations, and ensuring that the integration adheres to business processes. As a result, this task is moderately difficult, necessitating significant development and testing effort.",29,tr-a3f6f404be3dfbda533f9bd379afee5a,Improve integration with ERP systems
10.0,"While augmented reality can enhance data visualization, its alignment with enterprise security and governance is weak. The incorporation of AR poses potential security risks by exposing sensitive data in a visual format that may not be adequately controlled. Additionally, ensuring reproducibility in AR features can be challenging, as they often rely on hardware and software that vary across environments. Finally, orchestration becomes complex with the integration of AR, requiring additional resources and management strategies.","Implementing augmented reality (AR) features for data visualization involves several complexities. It requires knowledge of AR frameworks (such as ARKit or ARCore), integrating with existing data sources, ensuring cross-platform compatibility, and optimizing performance for real-time data rendering. Additionally, designing an intuitive user experience in AR adds to the challenge. While achievable, these factors make it a moderately high-effort task.",30,tr-12d3c6084eda528765320f3e18ddcb4d,Add augmented reality features for data visualization
1.3333333333333333,"Enhancing mobile responsiveness is important for user accessibility and experience but does not directly address enterprise security, governance, and reproducibility. While it aids in user engagement, it lacks the alignment with strategic priorities that focus on robust security measures and flexible orchestration for enterprise operations.","Enhancing mobile responsiveness requires adjustments in design and layout, as well as potentially modifying existing code. This involves testing across multiple devices and screen sizes to ensure compatibility. The effort is moderate because it requires both front-end development skills and an understanding of user experience, but it is not as complex as developing a new feature from scratch.",31,tr-09ee569e5fca1230c59ede724f9ee353,Enhance mobile responsiveness for platform access
4.0,"While adding chatbot support enhances user engagement and can streamline query handling, it does not significantly align with the core focuses of enterprise security, governance, reproducibility, and flexible orchestration. It primarily addresses user interface concerns and immediate user support rather than enhancing the strategic areas of enterprise functionality.","Implementing chatbot support involves several components: designing the conversation flow, integrating with existing systems, and ensuring that it can understand and respond to user queries accurately. While there are tools and libraries that can simplify the process, it still requires significant effort in configuring, testing, and potentially training a machine learning model if using NLP. Thus, the implementation effort is moderate.",32,tr-2eec6c6063e9116dd6f3347c58ec410b,Add chatbot support for user queries
12.0,"Improving data import options for diverse formats enhances the flexibility of the system and aligns well with enterprise security and governance by ensuring data integrity and reproducibility. This flexibility supports orchestrating data flows from various sources, which is crucial for modern data architectures. However, the emphasis on a specific UI improvement could detract from broader strategic alignment efforts.","Improving data import options for diverse formats requires a comprehensive approach to handle various data structures, which may involve significant changes in the current architecture. This includes developing or integrating parsers for each format, ensuring data validation and error handling, and potentially upgrading the existing database schema to accommodate new data types. Coordination with stakeholders for format specifications and extensive testing is also needed, making it a complex task.",33,tr-175d01a80df9620ae7b15b233c99a2e9,Improve data import options for diverse formats
9.0,"Adding virtual reality support for immersive analytics can enhance user engagement and facilitate complex data interpretation, aligning with strategic goals of governance and security through improved data visualization. However, the direct impact on enterprise security, reproducibility, and orchestration frameworks is limited. It's a valuable addition but may not be the highest priority compared to foundational aspects like security and governance.","Adding virtual reality support for immersive analytics involves several complex factors. It requires significant development in both software and hardware interoperability, as well as creating intuitive user interfaces suitable for VR environments. The integration of analytics engines with VR frameworks may also necessitate advanced knowledge of 3D modeling, real-time data rendering, and user experience design specifically suited for VR. These elements increase the overall effort, making it a challenging task.",34,tr-1de74b31a692b592bdcbb8fbdd38b6ba,Add virtual reality support for immersive analytics
3.0,"Enhancing email notifications for model updates improves communication and awareness among stakeholders, which is crucial for maintaining governance and transparency in enterprise security contexts. However, it does not directly address aspects like reproducibility or flexible orchestration, which are more critical for strategic alignment in enterprise-level operations. Therefore, while beneficial, the enhancement scores a 3 as itâ€™s helpful but not central to the core objectives.","Enhancing email notifications requires an understanding of the current notification system, including the data structure and triggering mechanism for updates. Moderate complexity arises from the need to design user preferences for notifications and potentially integrate with a third-party email service. It involves coding, testing, and possibly user feedback, making it a moderately challenging task.",35,tr-b0588342b274a23e8c97997b003961e4,Enhance email notifications for model updates
8.0,"Integrating sentiment analysis for user feedback aligns well with our focus on enterprise security and governance by ensuring we can monitor and respond to user concerns proactively. This capability enhances reproducibility as it standardizes feedback assessments, and supports flexible orchestration by allowing us to adapt our strategies based on real-time user sentiment. While this is a significant improvement, it doesn't directly address some core UI challenges that can impact user experience, hence a score of 4.","Implementing sentiment analysis involves integrating a natural language processing (NLP) library or API that can analyze user feedback. While there are existing solutions available that simplify this task, there are still challenges in accurately capturing sentiment based on user input. Considerations include training the model, handling various expressions of sentiment, and ensuring it effectively integrates with the existing system architecture.",36,tr-ca3245ac56628facc331d43689584ede,Add sentiment analysis for user feedback
20.0,"Improving data backup solutions for model data is crucial for enterprise security and governance. A robust backup strategy ensures data integrity, facilitates reproducibility of model training, and supports flexible orchestration with automated processes. While enhancing user interface aspects is less critical, emphasizing strong backup solutions can significantly mitigate risks associated with data loss, improve compliance, and ensure that models can be reliably reproduced and deployed across environments.","Improving data backup solutions for model data involves assessing the current infrastructure, identifying gaps, and implementing changes or enhancements. This requires coordination with various teams, understanding the specifics of model data, ensuring compliance with data storage regulations, and possibly integrating new backup technologies. While not the most complex task, it requires careful planning and execution, which justifies a moderate difficulty rating.",37,tr-29e1561ecaf3ed296a5a467319e04106,Improve data backup solutions for model data
8.0,"Integrating IoT for real-time data significantly enhances enterprise security, governance, and reproducibility by enabling better monitoring and control of connected devices. This allows for improved incident response and risk management through real-time analytics. However, the orchestration of IoT devices requires flexible and secure frameworks, which may need further development. Overall, the initiative supports strategic goals but involves complexities that must be carefully managed.","Implementing IoT integration for real-time data requires a strong understanding of IoT protocols, cloud services, and possibly hardware interactions. The effort includes setting up communication between devices, ensuring data security, managing the volume of data, and possibly modifying existing infrastructure to handle real-time analysis. Additionally, testing and maintaining the integration adds complexity.",38,tr-2febfffa5b0df72b120dfc419503ed89,Add IoT integration for real-time data
2.5,"Enhancing workflow automation for the model lifecycle directly aligns with enterprise security and governance by ensuring consistent and repeatable processes. It enhances reproducibility of results and models, which is crucial for regulatory compliance and auditing needs. Furthermore, flexible orchestration allows for seamless adjustments to workflows, accommodating varied deployment environments and security protocols. Overall, this initiative significantly strengthens the strategic alignment with the core objectives of enterprise security and effective governance.","Enhancing workflow automation for model lifecycle involves multiple complex tasks such as integrating various tools, ensuring compatibility with existing systems, implementing CI/CD methodologies, and addressing potential bottlenecks in the workflow. Additionally, it requires a thorough understanding of the model deployment process, monitoring, version control, and retraining mechanisms, which may introduce significant challenges in terms of both technology and team collaboration.",39,tr-634e3527126a99441c59e1fe6fb457aa,Enhance workflow automation for model lifecycle
10.0,"Integrating facial recognition enhances security by adding an advanced layer of authentication, which aligns well with enterprise security goals. It offers the potential for improved access control and monitoring, contributing to stronger governance frameworks. However, considerations around privacy, data handling, and potential biases must be addressed to ensure ethical implementation.","Implementing facial recognition for security involves several complexities. It requires integration with existing security systems, ensuring high accuracy and low false positives, and dealing with privacy concerns and data regulations. Additionally, it needs robust algorithms and possibly new hardware for real-time processing, which adds to the overall implementation effort.",40,tr-a81d349b8b70a0dea0fa36e75eb49b4d,Add facial recognition for security
6.0,"Enhancing cloud storage options for model data is crucial for enterprise security, governance, and reproducibility. Strong cloud storage solutions can ensure data integrity and compliance with regulations, while offering flexible orchestration for data access and deployment. While implementing new storage options may not directly improve user interface efficiency, it compounds the overall robustness of data management strategies, making it an essential aspect of enterprise data governance.","Enhancing cloud storage options for model data involves multiple complexities. This task includes evaluating current storage solutions, determining compatibility with existing pipelines, ensuring data security, scalability, and optimizing for cost. Additionally, it may require integration with various cloud services and possibly migration of existing data, which can be time-consuming and necessitate extensive testing to ensure data integrity and performance.",41,tr-ca1241c3b6f4e54a4ae2ee8c5a7679d9,Improve cloud storage options for model data
12.0,"Adding biometric authentication would significantly enhance enterprise security by providing a robust verification method that is harder to breach than traditional password systems. It aligns well with governance policies aimed at securing access to sensitive information. Additionally, it supports reproducibility through standardized biometric protocols but may require flexible orchestration for implementation across diverse devices and users. The only caveat is that it might introduce complexities in user management and device compatibility.","Implementing biometric authentication involves integrating new hardware or software libraries, ensuring cross-platform compatibility, and maintaining security standards. It requires careful consideration of user privacy, data encryption, and potential legal implications, making it a moderately high-effort task.",42,tr-b3092b1ba4be35aa5dd4bf0e67a81784,Add biometric authentication for platform access
2.0,"While enhancing customer feedback tools is important for overall platform improvement, it primarily focuses on user experience rather than the core enterprise objectives of security, governance, reproducibility, and flexible orchestration. The alignment with strategic priorities is limited.","Enhancing customer feedback tools requires moderate effort as it involves both UI/UX design to make the tools user-friendly and backend development to ensure data is collected and processed effectively. The complexity may increase depending on integration with existing systems and ensuring the feedback is actionable, but it typically doesn't involve extensive new technology or restructuring.",43,tr-bbbb4c2da388954a24f46ab387a24b5c,Enhance customer feedback tools for platform improvement
4.5,"While adding video conferencing support enhances team collaboration, it primarily addresses communication needs rather than core concerns of enterprise security, governance, and reproducibility. It does contribute to flexibility but does not significantly strengthen the overall strategic alignment with security and governance objectives.","Implementing video conferencing support involves various components such as selecting a robust video conferencing API, ensuring high-quality audio and video transmission, managing user authentication and permissions, and integrating the feature into the existing platform. Additionally, it requires thorough testing for different network conditions and device compatibility. Due to these complexities and the need for a seamless user experience, this task is rated as moderately high in difficulty.",44,tr-b8a39628519bbaa0afbbd0084d19ca85,Add video conferencing support for team collaboration
11.25,"Improving data encryption for sensitive information is crucial for enhancing enterprise security. It ensures that sensitive data is protected from unauthorized access, thereby aligning closely with governance and compliance requirements. Furthermore, robust encryption practices support reproducibility by establishing consistent security measures across data sets, and flexible orchestration can accommodate varying encryption protocols based on specific needs. Overall, this initiative significantly strengthens the security posture of the enterprise.","Improving data encryption for sensitive information involves several complex tasks, including selecting stronger encryption algorithms, updating existing encryption protocols, ensuring compatibility across systems, and thoroughly testing the new implementation for vulnerabilities. Additionally, there are compliance and regulatory considerations that need to be addressed, which adds to the effort required. This makes the implementation moderately hard, hence a score of 4.",45,tr-a798f600a1050a0ef1144ccdeea972bd,Improve data encryption for sensitive information
6.0,"Integrating AI-powered chatbots can enhance user support by providing efficient and quick responses, which can improve user satisfaction. However, the impact on enterprise security and governance needs careful consideration, as chatbots must handle sensitive information properly. The ability to reproduce support interactions and orchestrate across different platforms also needs to be assessed. While this initiative can streamline support processes, it doesn't heavily influence strategic alignment with core enterprise goals like reproducibility and security.","Implementing AI-powered chatbots for user support involves several complex steps, including integrating the chatbot with existing systems, designing conversation flows, ensuring natural language processing capabilities, and maintaining user data privacy. Additionally, training the AI model requires substantial resources and ongoing adjustments to improve accuracy and user satisfaction, making it a moderately difficult task.",46,tr-247b99ab8101d370edb410ae3a774438,Add AI-powered chatbots for user support
3.75,"Enhancing project management features can improve efficiency and coordination in AI projects, aligning moderately with enterprise security through better oversight and governance. However, the focus may not directly address core security concerns or comprehensive reproducibility strategies essential for AI deployment, leading to a mid-range rating. Additionally, while it may support orchestration, the enhancement is primarily UI-centric.","Enhancing project management features for AI projects requires integrating complex elements such as tracking AI model training, version control for datasets, and managing collaborations among data scientists. Additionally, it involves ensuring the system can support iterative improvements and incorporating specialized reporting and analytics. The combination of technical complexity and the need for user-friendly interfaces contributes to a higher evaluation score.",47,tr-e737d28627cbe49f7df2589e0edc7d63,Enhance project management features for AI projects
4.0,"Adding custom reporting tools for enterprise analytics significantly enhances data-driven decision-making, aligning well with enterprise security and governance by enabling tailored access to insights. These tools promote reproducibility through standardized reporting practices. Furthermore, they can incorporate flexible orchestration, allowing users to customize report generation based on specific business needs. However, the implementation of such tools requires careful consideration of security protocols and user access controls to avoid potential data breaches, which is why it's rated as a 4 instead of a 5.","Implementing custom reporting tools for enterprise analytics requires significant effort due to several factors. First, it involves understanding complex data architectures and potentially integrating with existing systems, which can be challenging. Additionally, the development of user-friendly interfaces and ensuring the tools meet user requirements adds complexity. Finally, extensive testing and validation processes are needed to ensure reliability and accuracy, making it a high-effort task.",48,tr-deac5b00e724271c77eb075756c4fc61,Add custom reporting tools for enterprise analytics
6.0,"While improving API documentation can enhance developer support and reduce onboarding time, this initiative does not strongly align with enterprise security, governance, reproducibility, or flexible orchestration. The focus here is more on user experience than on core strategic objectives that impact security and operational efficiency.","Improving API documentation typically involves enhancing existing content, providing clearer examples, and possibly integrating user feedback. This task is moderately easy because it requires some technical knowledge of the API but does not involve complex coding or system changes.",49,tr-753ea515494cfa0cd92f71c21256fd15,Improve API documentation for developer support
12.0,"Adding advanced search filters enhances data exploration capabilities, which can improve security by allowing users to more efficiently find relevant datasets and monitor data access. This aligns moderately with governance as improved exploration can support compliance and oversight, but it does not directly address orchestration or reproducibility. While beneficial, it is a supportive feature rather than a foundational improvement in enterprise security or governance.","Implementing advanced search filters requires a thorough understanding of the existing data structure and user requirements. It involves creating a user-friendly interface for filtering, designing backend logic to handle complex queries, and ensuring performance optimization. Additionally, testing for various edge cases and integrating user feedback can add to the complexity, making it a moderately hard task.",50,tr-a6ab20e0b7a6b81a38b58b861e62126e,Add advanced search filters for data exploration
